{
  "intersect": {
    "Histogram": {
      "avg_mae": 10418.077480937654,
      "std_mae": 13433.436350765129,
      "avg_mape": 56.42906062247208,
      "std_mape": 12.955023317072856
    },
    "RTree": {
      "avg_mae": 11863.586999258521,
      "std_mae": 4938.8219600392395,
      "avg_mape": 1101.0367122419846,
      "std_mape": 974.0577799600836
    }
  },
  "contain": {
    "Histogram": {
      "avg_mae": 9861.483017979352,
      "std_mae": 12093.437201040528,
      "avg_mape": 4898.4759541773,
      "std_mape": 11874.329587534527
    },
    "RTree": {
      "avg_mae": 9870.251526928549,
      "std_mae": 4360.0248386805515,
      "avg_mape": 1194.0816797806515,
      "std_mape": 947.2759264896363
    }
  },
  "distance": {
    "Histogram": {
      "avg_mae": 12117924.082643675,
      "std_mae": 29052101.01721988,
      "avg_mape": 59851.4266744918,
      "std_mape": 146508.83901065763
    },
    "RTree": {
      "avg_mae": 160041.98962932106,
      "std_mae": 79539.35392055103,
      "avg_mape": 265.6609615806483,
      "std_mape": 240.89812261318318
    }
  },
  "distanceOLD": {
    "Histogram": {
      "avg_mae": 12117924.082643675,
      "std_mae": 29052101.01721988,
      "avg_mape": 59851.4266744918,
      "std_mape": 146508.83901065763
    },
    "RTree": {
      "avg_mae": 160041.98962932106,
      "std_mae": 79539.35392055103,
      "avg_mape": 265.6609615806483,
      "std_mape": 240.89812261318318
    }
  }
}