{
  "intersect": {
    "Histogram": {
      "avg_mae": 5404.752778940275,
      "std_mae": 10742.40673931311,
      "avg_mape": 56.72073942552739,
      "std_mape": 34.96710515542902
    },
    "RTree": {
      "avg_mae": 7219.208762445445,
      "std_mae": 5967.278400901049,
      "avg_mape": 903.8304102051499,
      "std_mape": 768.4814462314699
    }
  },
  "contain": {
    "Histogram": {
      "avg_mae": 5127.554011473773,
      "std_mae": 9776.119280442643,
      "avg_mape": 2481.494681276431,
      "std_mape": 8737.434208203096
    },
    "RTree": {
      "avg_mae": 6221.865632773502,
      "std_mae": 4965.929740122179,
      "avg_mape": 939.8488909619648,
      "std_mape": 761.4668445170569
    }
  },
  "distance": {
    "Histogram": {
      "avg_mae": 6067136.584598651,
      "std_mae": 21415519.803229168,
      "avg_mape": 29952.355632203537,
      "std_mape": 107825.6669310318
    },
    "RTree": {
      "avg_mae": 94818.63934638833,
      "std_mae": 89215.93080882553,
      "avg_mape": 286.20244546877746,
      "std_mape": 236.1896061693204
    }
  },
  "distanceOLD": {
    "Histogram": {
      "avg_mae": 6067136.584598651,
      "std_mae": 21415519.803229168,
      "avg_mape": 29952.355632203537,
      "std_mape": 107825.6669310318
    },
    "RTree": {
      "avg_mae": 94818.63934638833,
      "std_mae": 89215.93080882553,
      "avg_mape": 286.20244546877746,
      "std_mape": 236.1896061693204
    }
  }
}