{
  "intersect": {
    "Histogram": {
      "avg_mae": 391.4280769428965,
      "std_mae": 273.02706881778124,
      "avg_mape": 57.01241822858272,
      "std_mape": 47.72205049772543
    },
    "RTree": {
      "avg_mae": 2574.830525632369,
      "std_mae": 1919.4692656014715,
      "avg_mape": 706.6241081683153,
      "std_mape": 393.1389787049484
    }
  },
  "contain": {
    "Histogram": {
      "avg_mae": 393.6250049681929,
      "std_mae": 271.33993090576325,
      "avg_mape": 64.5134083755619,
      "std_mape": 47.04237292488437
    },
    "RTree": {
      "avg_mae": 2573.479738618455,
      "std_mae": 1920.8489030659007,
      "avg_mape": 685.616102143278,
      "std_mape": 364.7782996145392
    }
  },
  "distance": {
    "Histogram": {
      "avg_mae": 16349.086553626083,
      "std_mae": 18565.485640537267,
      "avg_mape": 53.28458991526728,
      "std_mape": 9.571270362943036
    },
    "RTree": {
      "avg_mae": 29595.289063455555,
      "std_mae": 32928.482409781995,
      "avg_mape": 306.7439293569065,
      "std_mape": 229.55445873611038
    }
  },
  "distanceOLD": {
    "Histogram": {
      "avg_mae": 16349.086553626083,
      "std_mae": 18565.485640537267,
      "avg_mape": 53.28458991526728,
      "std_mape": 9.571270362943036
    },
    "RTree": {
      "avg_mae": 29595.289063455555,
      "std_mae": 32928.482409781995,
      "avg_mape": 306.7439293569065,
      "std_mape": 229.55445873611038
    }
  }
}